<?xml version="1.0" encoding="utf-8"?>
<!--
/**
 * @copyright	Copyright (c) 2023 WEGAS. All rights reserved.
 * @license		http://www.gnu.org/licenses/gpl-2.0.html GNU/GPL
 */
-->
<extension type="plugin" version="3.0" group="system" method="upgrade">
	<name>plg_system_qrcode</name>
	<author></author>
	<creationDate>November 2023</creationDate>
	<copyright>Copyright (c) 2023 WEGAS. All rights reserved.</copyright>
	<license>http://www.gnu.org/licenses/gpl-2.0.html GNU/GPL</license>
	<authorEmail></authorEmail>
	<authorUrl></authorUrl>
	<version>1.0.0</version>
	<description>
	<![CDATA[
		
	]]>
	</description>

	<files>
		<filename plugin="qrcode">qrcode.php</filename>
		<filename>index.html</filename>
	</files>

	<languages>
		<language tag="en-GB">en-GB.plg_system_qrcode.ini</language>
		<language tag="en-GB">en-GB.plg_system_qrcode.sys.ini</language>
	</languages>

	<config>
		<fields name="params">
			<fieldset name="basic">
				<field name="ios" type="text" default="" label="ios" description=""  />
				<field name="android" type="text" default="" label="android" description=""  />
			</fieldset>
		</fields>
	</config>
</extension>